link,size,num_links,num_images
https://finance.yahoo.com/sitemap/2015_06_03_start1433302471000,355.572,185,12
https://news.yahoo.com/zealand-says-buy-five-super-000800844.html,583.648,43,13
https://news.yahoo.com/bus-carrying-indiana-school-basketball-team-overturns-27-005821817--nba.html,588.472,43,13
https://news.yahoo.com/skydiver-pilot-treated-midair-accident-214459347.html,583.73,43,15
https://news.yahoo.com/rugby-union-rugbyu-zealand-retain-rugby-championship-000325715.html,585.987,42,13
https://yahoo.com/soccer/championship/cardiff-city-watford-13242350/,1249.871,267,109
https://news.yahoo.com/ahead-nbc-interview-alex-jones-011218976.html,586.718,43,14
https://news.yahoo.com/un-evacuates-220-staff-aid-workers-south-sudan-190837261.html,595.295,42,14
https://yahoo.com/nfl/atlanta-falcons-detroit-lions-20220812008/,1522.507,237,34
https://news.yahoo.com/eat-frozen-wedding-cake-later-010400157.html,590.734,43,13
https://news.yahoo.com/over-50-people-killed-syrian-missile-strikes-rebel-031604949.html,587.094,43,13
https://news.yahoo.com/coronavirus-live-updates-virus-complicates-100858610.html,612.473,43,13
https://news.yahoo.com/north-koreas-kim-jong-un-says-summit-president-011500080.html,576.188,43,13
https://news.yahoo.com/she-spent-years-posing-ca-001457989.html,590.92,43,13
https://news.yahoo.com/netherlands-reports-dozens-brexit-related-company-moves-uk-000146579.html,587.7,43,14
https://yahoo.com/nba/players/6038/odds,1069.832,258,38
https://news.yahoo.com/north-korea-likely-missile-engines-without-imports-u-003800805.html,593.365,43,13
https://news.yahoo.com/pentagon-declines-nbc-story-north-korea-005535939.html,579.52,43,13
https://news.yahoo.com/beto-orourke-plans-counter-rally-000027041.html,595.221,43,14
https://yahoo.com/ncaab/players/159385,0.608,0,0
https://sports.yahoo.com/nfl/players/31896/,1356.974,306,85
https://yahoo.com/nfl/players/34532/,1239.441,306,86
https://news.yahoo.com/asia-stocks-edge-higher-fed-003544281.html,591.163,43,13
https://news.yahoo.com/taiwan-activists-hope-same-sex-marriage-ruling-trailblazer-003728748.html,616.574,43,14
https://news.yahoo.com/dedication-ceremony-held-korean-war-014122600.html,578.097,43,14
https://yahoo.com/nba/players/6053/,1055.5,256,37
https://news.yahoo.com/u-faces-threats-pentagon-seeks-bigger-defense-budget-002907566--business.html,591.646,43,14
https://news.yahoo.com/china-rate-cuts-just-start-growth-slows-analysts-000716817--finance.html,609.072,43,14
https://sports.yahoo.com/nhl/odds/,1106.354,250,58
https://news.yahoo.com/blogs/digital-crave/spark-digital-microphone-first-kind-005903853.html,584.302,49,15
https://news.yahoo.com/%E6%B8%85%E6%96%B0%E6%B4%BE%E5%B0%8D%E9%81%8B%E5%8B%95%E4%B8%89%E5%A4%A7look-%E5%B0%8F%E8%B1%AC%E5%B0%8F%E7%BE%8A%E6%95%99%E4%BD%A0%E7%8E%A9%E7%A9%BF%E6%90%AD-011616017.html,602.815,43,13
https://news.yahoo.com/soccer-libertadores-cup-group-7-results-standings-004512493--sow.html,580.121,43,14
https://news.yahoo.com/rights-groups-british-mps-call-access-saudi-detainees-002211856.html,593.787,43,13
https://news.yahoo.com/blogs/ticket/wednesday-politics-quiet-fiscal-cliff-holiday-more-115139334--election.html,588.629,51,13
https://yahoo.com/nhl/players/4701/shop,1051.16,260,43
https://news.yahoo.com/trump-just-handful-vocal-2024-120000464.html,662.811,42,22
https://yahoo.com/nfl/players/31615/,1255.026,303,83
https://yahoo.com/nfl/players/32702/odds,1245.922,306,84
https://news.yahoo.com/foie-gras-off-amazon-coms-menu-california-settlement-004424983--finance.html,594.299,43,13
https://news.yahoo.com/mexico-colombia-chile-peru-eye-000821611.html,580.085,43,14
https://news.yahoo.com/metanires-first-mls-goal-lifts-022014313.html,598.877,43,13
